{"resourceType":"ImplementationGuide","id":"hl7.fhir.nl.bgz-to-omop","text":{"status":"extensions","div":"<div xmlns=\"http://www.w3.org/1999/xhtml\"><h2>bgz-to-omop-ig</h2><p>The official URL for this implementation guide is: </p><pre>http://hl7.nl/fhir/bgz-to-omop/ImplementationGuide/hl7.fhir.nl.bgz-to-omop</pre><div><p>A brief description of what MyIG is about (probably the same text as in your readme)</p>\n</div></div>"},"url":"http://hl7.nl/fhir/bgz-to-omop/ImplementationGuide/hl7.fhir.nl.bgz-to-omop","version":"0.1.0","name":"bgz-to-omop-ig","status":"draft","experimental":false,"date":"2024-04-04T12:18:58+00:00","publisher":"OHDSINL HL7NL","contact":[{"name":"OHDSINL","telecom":[{"system":"url","value":"https://www.ohdsi-europe.org/index.php/national-nodes/netherlands"}]},{"name":"HL7NL","telecom":[{"system":"url","value":"https://hl7.nl"}]}],"description":"A brief description of what MyIG is about (probably the same text as in your readme)","jurisdiction":[{"coding":[{"system":"urn:iso:std:iso:3166","code":"NL"}]}],"fhirVersion":"3.0.2","dependency":[{"extension":[{"url":"http://hl7.org/fhir/4.0/StructureDefinition/extension-ImplementationGuide.dependsOn.packageId","valueId":"hl7.terminology.r3"},{"url":"http://hl7.org/fhir/4.0/StructureDefinition/extension-ImplementationGuide.dependsOn.version","valueString":"5.3.0"}],"type":"reference","uri":"https://simplifier.net/packages/hl7.terminology.r3/5.3.0"},{"extension":[{"url":"http://hl7.org/fhir/4.0/StructureDefinition/extension-ImplementationGuide.dependsOn.packageId","valueId":"nictiz.fhir.nl.stu3.zib2017"},{"url":"http://hl7.org/fhir/4.0/StructureDefinition/extension-ImplementationGuide.dependsOn.version","valueString":"2.2.18"}],"type":"reference","uri":"https://simplifier.net/packages/nictiz.fhir.nl.stu3.zib2017/2.2.18"}],"package":[{"id":"-str-logicalmodel","name":"Structures: Logical Models","description":"These define data models that represent the domain covered by this implementation guide in more business-friendly terms than the underlying FHIR resources.","resource":[{"extension":[{"url":"http://hl7.org/fhir/tools/StructureDefinition/resource-sort","valueInteger":999999999},{"url":"http://hl7.org/fhir/StructureDefinition/implementationguide-page","valueUri":"StructureDefinition-CareSite.html"}],"example":false,"name":"CareSite OMOP Table","description":"The CARE_SITE table contains a list of uniquely identified institutional (physical or organizational) units where healthcare delivery is practiced (offices, wards, hospitals, clinics, etc.).","sourceReference":{"reference":"StructureDefinition/CareSite"}},{"extension":[{"url":"http://hl7.org/fhir/tools/StructureDefinition/resource-sort","valueInteger":999999999},{"url":"http://hl7.org/fhir/StructureDefinition/implementationguide-page","valueUri":"StructureDefinition-Location.html"}],"example":false,"name":"Location OMOP Table","description":"The LOCATION table represents a generic way to capture physical location or address information of Persons and Care Sites.","sourceReference":{"reference":"StructureDefinition/Location"}},{"extension":[{"url":"http://hl7.org/fhir/tools/StructureDefinition/resource-sort","valueInteger":999999999},{"url":"http://hl7.org/fhir/StructureDefinition/implementationguide-page","valueUri":"StructureDefinition-Person.html"}],"example":false,"name":"Person OMOP Table","description":"This table serves as the central identity management for all Persons in the database. It contains records that uniquely identify each person or patient, and some demographic information.","sourceReference":{"reference":"StructureDefinition/Person"}},{"extension":[{"url":"http://hl7.org/fhir/tools/StructureDefinition/resource-sort","valueInteger":999999999},{"url":"http://hl7.org/fhir/StructureDefinition/implementationguide-page","valueUri":"StructureDefinition-Provider.html"}],"example":false,"name":"Provider OMOP Table","description":"The PROVIDER table contains a list of uniquely identified healthcare providers. These are individuals providing hands-on healthcare to patients, such as physicians, nurses, midwives, physical therapists etc.","sourceReference":{"reference":"StructureDefinition/Provider"}}]},{"id":"-map-structuremap","name":"Terminology: Structure Maps","description":"These define transformations to convert between data structures used by systems conforming to this implementation guide.","resource":[{"extension":[{"url":"http://hl7.org/fhir/tools/StructureDefinition/resource-sort","valueInteger":999999999},{"url":"http://hl7.org/fhir/StructureDefinition/implementationguide-page","valueUri":"StructureMap-person-transform.html"}],"example":false,"sourceReference":{"reference":"StructureMap/person-transform"}}]}],"page":{"source":"toc.html","title":"Table of Contents","kind":"page","page":[{"source":"index.html","title":"Home Page","kind":"resource"},{"source":"downloads.html","title":"Useful Downloads","kind":"resource"},{"source":"copyrights.html","title":"Copyrights","kind":"resource"},{"source":"searchform.html","title":"Search Form","kind":"resource"},{"source":"artifacts.html","title":"Artifacts Summary","kind":"page","page":[{"source":"StructureDefinition-CareSite.html","title":"CareSite OMOP Table","kind":"resource"},{"source":"StructureDefinition-Location.html","title":"Location OMOP Table","kind":"resource"},{"source":"StructureDefinition-Person.html","title":"Person OMOP Table","kind":"resource"},{"source":"StructureDefinition-Provider.html","title":"Provider OMOP Table","kind":"resource"},{"source":"StructureMap-person-transform.html","kind":"resource"}]}]}}