<?xml version="1.0" encoding="UTF-8"?>

<ImplementationGuide xmlns="http://hl7.org/fhir">
  <id value="hl7.fhir.nl.bgz-to-omop"/>
  <text>
    <status value="generated"/><div xmlns="http://www.w3.org/1999/xhtml"><p class="res-header-id"><b>Gegenereerde narrative: ImplementationGuide hl7.fhir.nl.bgz-to-omop</b></p><a name="hl7.fhir.nl.bgz-to-omop"> </a><a name="hchl7.fhir.nl.bgz-to-omop"> </a><a name="hl7.fhir.nl.bgz-to-omop-nl-NL"> </a><h2>bgz-to-omop-ig</h2><p>De officiële url voor deze implementatiegids is: </p><pre>http://hl7.nl/fhir/bgz-to-omop/ImplementationGuide/hl7.fhir.nl.bgz-to-omop</pre><div><p>A brief description of what MyIG is about (probably the same text as in your readme)</p>
</div></div>
  </text>
  <url value="http://hl7.nl/fhir/bgz-to-omop/ImplementationGuide/hl7.fhir.nl.bgz-to-omop"/>
  <version value="0.1.0"/>
  <name value="bgz-to-omop-ig"/>
  <status value="draft"/>
  <experimental value="false"/>
  <date value="2024-12-06T10:36:59+00:00"/>
  <publisher value="OHDSINL HL7NL"/>
  <contact>
    <name value="OHDSINL"/>
    <telecom>
      <system value="url"/>
      <value value="https://www.ohdsi-europe.org/index.php/national-nodes/netherlands"/>
    </telecom>
  </contact>
  <contact>
    <name value="HL7NL"/>
    <telecom>
      <system value="url"/>
      <value value="https://hl7.nl"/>
    </telecom>
  </contact>
  <description value="A brief description of what MyIG is about (probably the same text as in your readme)"/>
  <jurisdiction>
    <coding>
      <system value="urn:iso:std:iso:3166"/>
      <code value="NL"/>
    </coding>
  </jurisdiction>
  <fhirVersion value="3.0.2"/>
  <dependency>
    <extension url="http://hl7.org/fhir/4.0/StructureDefinition/extension-ImplementationGuide.dependsOn.packageId">
      <valueId value="hl7.terminology.r3"/>
    </extension>
    <extension url="http://hl7.org/fhir/4.0/StructureDefinition/extension-ImplementationGuide.dependsOn.version">
      <valueString value="5.3.0"/>
    </extension>
    <type value="reference"/>
    <uri value="https://simplifier.net/packages/hl7.terminology.r3/5.3.0"/>
  </dependency>
  <dependency>
    <extension url="http://hl7.org/fhir/4.0/StructureDefinition/extension-ImplementationGuide.dependsOn.packageId">
      <valueId value="nictiz.fhir.nl.stu3.zib2017"/>
    </extension>
    <extension url="http://hl7.org/fhir/4.0/StructureDefinition/extension-ImplementationGuide.dependsOn.version">
      <valueString value="2.2.18"/>
    </extension>
    <type value="reference"/>
    <uri value="https://simplifier.net/packages/nictiz.fhir.nl.stu3.zib2017/2.2.18"/>
  </dependency>
  <page>
    <source value="index.html"/>
    <title value="Home Page"/>
    <kind value="resource"/>
    <page>
      <source value="downloads.html"/>
      <title value="Useful Downloads"/>
      <kind value="resource"/>
    </page>
    <page>
      <source value="copyrights.html"/>
      <title value="Copyrights"/>
      <kind value="resource"/>
    </page>
    <page>
      <source value="searchform.html"/>
      <title value="Search Form"/>
      <kind value="resource"/>
    </page>
  </page>
</ImplementationGuide>