<?xml version="1.0" encoding="UTF-8"?><ImplementationGuide xmlns="http://hl7.org/fhir"><id value="hl7.fhir.nl.bgz-to-omop"/><text><status value="generated"/><div xmlns="http://www.w3.org/1999/xhtml"><p class="res-header-id"><b>Gegenereerde narrative: ImplementationGuide hl7.fhir.nl.bgz-to-omop</b></p><a name="hl7.fhir.nl.bgz-to-omop"> </a><a name="hchl7.fhir.nl.bgz-to-omop"> </a><a name="hl7.fhir.nl.bgz-to-omop-nl-NL"> </a><h2>bgz-to-omop-ig</h2><p>De officiële url voor deze implementatiegids is: </p><pre>http://hl7.nl/fhir/bgz-to-omop/ImplementationGuide/hl7.fhir.nl.bgz-to-omop</pre><div><p>A brief description of what MyIG is about (probably the same text as in your readme)</p>
</div></div></text><url value="http://hl7.nl/fhir/bgz-to-omop/ImplementationGuide/hl7.fhir.nl.bgz-to-omop"/><version value="0.1.0"/><name value="bgz-to-omop-ig"/><status value="draft"/><experimental value="false"/><date value="2024-12-06T10:28:21+00:00"/><publisher value="OHDSINL HL7NL"/><contact><name value="OHDSINL"/><telecom><system value="url"/><value value="https://www.ohdsi-europe.org/index.php/national-nodes/netherlands"/></telecom></contact><contact><name value="HL7NL"/><telecom><system value="url"/><value value="https://hl7.nl"/></telecom></contact><description value="A brief description of what MyIG is about (probably the same text as in your readme)"/><jurisdiction><coding><system value="urn:iso:std:iso:3166"/><code value="NL"/></coding></jurisdiction><fhirVersion value="3.0.2"/><dependency><extension url="http://hl7.org/fhir/4.0/StructureDefinition/extension-ImplementationGuide.dependsOn.packageId"><valueId value="hl7.terminology.r3"/></extension><extension url="http://hl7.org/fhir/4.0/StructureDefinition/extension-ImplementationGuide.dependsOn.version"><valueString value="5.3.0"/></extension><type value="reference"/><uri value="https://simplifier.net/packages/hl7.terminology.r3/5.3.0"/></dependency><dependency><extension url="http://hl7.org/fhir/4.0/StructureDefinition/extension-ImplementationGuide.dependsOn.packageId"><valueId value="nictiz.fhir.nl.stu3.zib2017"/></extension><extension url="http://hl7.org/fhir/4.0/StructureDefinition/extension-ImplementationGuide.dependsOn.version"><valueString value="2.2.18"/></extension><type value="reference"/><uri value="https://simplifier.net/packages/nictiz.fhir.nl.stu3.zib2017/2.2.18"/></dependency><package id="-str-logicalmodel"><name value="Structures: Logical Models"/><description value="These define data models that represent the domain covered by this implementation guide in more business-friendly terms than the underlying FHIR resources."/><resource><extension url="http://hl7.org/fhir/tools/StructureDefinition/resource-sort"><valueInteger value="999999999"/></extension><extension url="http://hl7.org/fhir/StructureDefinition/implementationguide-page"><valueUri value="StructureDefinition-CareSite.html"/></extension><example value="false"/><name value="CareSite OMOP Table"/><description value="The CARE_SITE table contains a list of uniquely identified institutional (physical or organizational) units where healthcare delivery is practiced (offices, wards, hospitals, clinics, etc.)."/><sourceReference><reference value="StructureDefinition/CareSite"/></sourceReference></resource><resource><extension url="http://hl7.org/fhir/tools/StructureDefinition/resource-sort"><valueInteger value="999999999"/></extension><extension url="http://hl7.org/fhir/StructureDefinition/implementationguide-page"><valueUri value="StructureDefinition-Location.html"/></extension><example value="false"/><name value="Location OMOP Table"/><description value="The LOCATION table represents a generic way to capture physical location or address information of Persons and Care Sites."/><sourceReference><reference value="StructureDefinition/Location"/></sourceReference></resource><resource><extension url="http://hl7.org/fhir/tools/StructureDefinition/resource-sort"><valueInteger value="999999999"/></extension><extension url="http://hl7.org/fhir/StructureDefinition/implementationguide-page"><valueUri value="StructureDefinition-Person.html"/></extension><example value="false"/><name value="Person OMOP Table"/><description value="This table serves as the central identity management for all Persons in the database. It contains records that uniquely identify each person or patient, and some demographic information."/><sourceReference><reference value="StructureDefinition/Person"/></sourceReference></resource><resource><extension url="http://hl7.org/fhir/tools/StructureDefinition/resource-sort"><valueInteger value="999999999"/></extension><extension url="http://hl7.org/fhir/StructureDefinition/implementationguide-page"><valueUri value="StructureDefinition-Provider.html"/></extension><example value="false"/><name value="Provider OMOP Table"/><description value="The PROVIDER table contains a list of uniquely identified healthcare providers. These are individuals providing hands-on healthcare to patients, such as physicians, nurses, midwives, physical therapists etc."/><sourceReference><reference value="StructureDefinition/Provider"/></sourceReference></resource></package><package id="-map-structuremap"><name value="Terminology: Structure Maps"/><description value="These define transformations to convert between data structures used by systems conforming to this implementation guide."/><resource><extension url="http://hl7.org/fhir/tools/StructureDefinition/resource-sort"><valueInteger value="999999999"/></extension><extension url="http://hl7.org/fhir/StructureDefinition/implementationguide-page"><valueUri value="StructureMap-person-transform.html"/></extension><example value="false"/><sourceReference><reference value="StructureMap/person-transform"/></sourceReference></resource></package><page><source value="toc.html"/><title value="Table of Contents"/><kind value="page"/><page><source value="index.html"/><title value="Home Page"/><kind value="resource"/></page><page><source value="downloads.html"/><title value="Useful Downloads"/><kind value="resource"/></page><page><source value="copyrights.html"/><title value="Copyrights"/><kind value="resource"/></page><page><source value="searchform.html"/><title value="Search Form"/><kind value="resource"/></page><page><source value="artifacts.html"/><title value="Artifacts Summary"/><kind value="page"/><page><source value="StructureDefinition-CareSite.html"/><title value="CareSite OMOP Table"/><kind value="resource"/></page><page><source value="StructureDefinition-Location.html"/><title value="Location OMOP Table"/><kind value="resource"/></page><page><source value="StructureDefinition-Person.html"/><title value="Person OMOP Table"/><kind value="resource"/></page><page><source value="StructureDefinition-Provider.html"/><title value="Provider OMOP Table"/><kind value="resource"/></page><page><source value="StructureMap-person-transform.html"/><kind value="resource"/></page></page></page></ImplementationGuide>