{
  "resourceType" : "ImplementationGuide",
  "id" : "hl7.fhir.nl.bgz-to-omop",
  "text" : {
    "status" : "generated",
    "div" : "<div xmlns=\"http://www.w3.org/1999/xhtml\"><p class=\"res-header-id\"><b>Gegenereerde narrative: ImplementationGuide hl7.fhir.nl.bgz-to-omop</b></p><a name=\"hl7.fhir.nl.bgz-to-omop\"> </a><a name=\"hchl7.fhir.nl.bgz-to-omop\"> </a><a name=\"hl7.fhir.nl.bgz-to-omop-nl-NL\"> </a><h2>bgz-to-omop-ig</h2><p>De officiële url voor deze implementatiegids is: </p><pre>http://hl7.nl/fhir/bgz-to-omop/ImplementationGuide/hl7.fhir.nl.bgz-to-omop</pre><div><p>A brief description of what MyIG is about (probably the same text as in your readme)</p>\n</div></div>"
  },
  "url" : "http://hl7.nl/fhir/bgz-to-omop/ImplementationGuide/hl7.fhir.nl.bgz-to-omop",
  "version" : "0.1.0",
  "name" : "bgz-to-omop-ig",
  "status" : "draft",
  "experimental" : false,
  "date" : "2024-12-06T10:28:21+00:00",
  "publisher" : "OHDSINL HL7NL",
  "contact" : [{
    "name" : "OHDSINL",
    "telecom" : [{
      "system" : "url",
      "value" : "https://www.ohdsi-europe.org/index.php/national-nodes/netherlands"
    }]
  },
  {
    "name" : "HL7NL",
    "telecom" : [{
      "system" : "url",
      "value" : "https://hl7.nl"
    }]
  }],
  "description" : "A brief description of what MyIG is about (probably the same text as in your readme)",
  "jurisdiction" : [{
    "coding" : [{
      "system" : "urn:iso:std:iso:3166",
      "code" : "NL"
    }]
  }],
  "fhirVersion" : "3.0.2",
  "dependency" : [{
    "extension" : [{
      "url" : "http://hl7.org/fhir/4.0/StructureDefinition/extension-ImplementationGuide.dependsOn.packageId",
      "valueId" : "hl7.terminology.r3"
    },
    {
      "url" : "http://hl7.org/fhir/4.0/StructureDefinition/extension-ImplementationGuide.dependsOn.version",
      "valueString" : "5.3.0"
    }],
    "type" : "reference",
    "uri" : "https://simplifier.net/packages/hl7.terminology.r3/5.3.0"
  },
  {
    "extension" : [{
      "url" : "http://hl7.org/fhir/4.0/StructureDefinition/extension-ImplementationGuide.dependsOn.packageId",
      "valueId" : "nictiz.fhir.nl.stu3.zib2017"
    },
    {
      "url" : "http://hl7.org/fhir/4.0/StructureDefinition/extension-ImplementationGuide.dependsOn.version",
      "valueString" : "2.2.18"
    }],
    "type" : "reference",
    "uri" : "https://simplifier.net/packages/nictiz.fhir.nl.stu3.zib2017/2.2.18"
  }],
  "page" : {
    "source" : "index.html",
    "title" : "Home Page",
    "kind" : "resource",
    "page" : [{
      "source" : "downloads.html",
      "title" : "Useful Downloads",
      "kind" : "resource"
    },
    {
      "source" : "copyrights.html",
      "title" : "Copyrights",
      "kind" : "resource"
    },
    {
      "source" : "searchform.html",
      "title" : "Search Form",
      "kind" : "resource"
    }]
  }
}